Date,Open,High,Low,Close,Volume
2012-11-12,226.59,229.22,225.41,226.47,2129405.0
2012-11-13,225.1,227.9,224.71,226.6,2629797.0
2012-11-14,226.5,227.41,222.51,222.95,3034084.0
2012-11-15,222.3,225.16,218.18,220.6,3404622.0
2012-11-16,221.31,226.25,218.64,225.23,4353500.0
2012-11-19,228.32,232.5,227.45,229.71,3591621.0
2012-11-20,230.0,233.82,229.5,233.78,2772403.0
2012-11-21,233.84,238.67,232.75,238.03,2959294.0
2012-11-23,239.89,240.0,236.48,239.88,1776744.0
2012-11-26,240.33,244.32,238.0,243.62,4178797.0
2012-11-27,243.22,245.67,241.54,243.4,3048476.0
2012-11-28,242.45,247.23,241.5,247.11,2743396.0
2012-11-29,248.05,252.48,247.5,251.27,5313277.0
2012-11-30,250.38,252.65,248.27,252.05,3797416.0
2012-12-03,252.53,254.16,250.0,250.33,2990693.0
2012-12-04,250.13,253.0,248.66,252.49,3116172.0
2012-12-05,252.44,255.55,250.38,253.96,2852687.0
2012-12-06,253.0,255.17,251.51,253.37,3557822.0
2012-12-07,254.13,255.21,252.01,253.27,2170360.0
2012-12-10,253.1,254.78,247.3,247.77,3504707.0
2012-12-11,248.31,253.48,246.65,250.69,4184618.0
2012-12-12,251.07,254.36,250.06,251.76,2628123.0
2012-12-13,251.11,254.54,250.02,251.25,2461496.0
2012-12-14,250.11,251.9,247.79,249.19,2526988.0
2012-12-17,249.81,254.0,249.26,253.86,2276934.0
2012-12-18,254.57,263.11,254.57,260.4,4961011.0
2012-12-19,261.3,261.67,257.68,257.99,2300721.0
2012-12-20,258.32,262.41,256.54,261.5,2584595.0
2012-12-21,257.6,258.38,255.74,256.92,4704502.0
2012-12-24,257.3,259.5,256.96,258.62,986435.0
2012-12-26,257.15,257.42,248.04,248.63,4152742.0
2012-12-27,248.28,249.35,242.86,248.31,3640082.0
2012-12-28,245.85,247.44,245.05,245.18,1862498.0
2012-12-31,243.75,252.41,242.75,250.87,3418957.0
2013-01-02,256.04,258.1,253.26,257.31,3271079.0
2013-01-03,257.19,260.88,256.37,258.48,2751061.0
2013-01-04,257.58,259.8,256.65,259.15,1874711.0
2013-01-07,262.97,269.73,262.67,268.46,4910274.0
2013-01-08,267.07,268.98,263.57,266.38,3012056.0
2013-01-09,268.17,269.5,265.4,266.35,2265691.0
2013-01-10,268.54,268.74,262.3,265.34,2864598.0
2013-01-11,265.07,268.43,264.11,267.94,2413264.0
2013-01-14,268.0,274.26,267.54,272.73,4263807.0
2013-01-15,270.68,272.73,269.3,271.9,2327154.0
2013-01-16,270.53,271.24,267.83,268.93,2066092.0
2013-01-17,271.5,271.97,269.21,270.48,1884883.0
2013-01-18,270.89,274.5,269.6,272.12,2944198.0
2013-01-22,271.62,272.1,269.23,270.19,2138962.0
2013-01-23,270.57,271.09,266.65,268.11,2509597.0
2013-01-24,269.37,276.65,269.37,273.62,3414846.0
2013-01-25,275.0,284.72,274.4,283.99,4971234.0
2013-01-28,283.78,284.48,274.4,276.04,4321621.0
2013-01-29,275.35,275.46,258.35,260.35,10129193.0
2013-01-30,283.0,284.2,267.11,272.76,13078805.0
2013-01-31,271.04,275.94,263.7,265.5,6772592.0
2013-02-01,268.32,268.93,262.8,265.0,6115731.0
2013-02-04,262.78,264.68,259.07,259.98,3723793.0
2013-02-05,262.0,268.03,261.46,266.89,4013030.0
2013-02-06,265.16,266.89,261.11,262.22,2770506.0
2013-02-07,264.1,264.1,255.11,260.23,3976115.0
2013-02-08,261.4,265.25,260.55,261.95,3879178.0
2013-02-11,263.2,263.25,256.6,257.21,3403903.0
2013-02-12,259.19,260.16,257.0,258.7,2943615.0
2013-02-13,261.53,269.96,260.3,269.47,5295157.0
2013-02-14,267.41,270.65,265.4,269.24,3463180.0
2013-02-15,267.66,268.92,263.11,265.09,3980892.0
2013-02-19,265.91,270.11,264.5,269.75,2855002.0
2013-02-20,270.2,274.3,266.37,266.41,3530656.0
2013-02-21,265.12,269.48,263.25,265.94,3637395.0
2013-02-22,266.62,267.11,261.61,265.42,3124702.0
2013-02-25,266.94,268.69,259.65,259.87,3032509.0
2013-02-26,260.89,262.04,255.73,259.36,3348560.0
2013-02-27,259.4,265.83,256.86,263.25,2908010.0
2013-02-28,261.81,267.0,260.63,264.27,2667349.0
2013-03-01,263.27,266.6,261.04,265.74,2956964.0
2013-03-04,265.36,273.3,264.14,273.11,3454394.0
2013-03-05,274.0,276.68,269.99,275.59,3687183.0
2013-03-06,275.76,276.49,271.83,273.79,2050652.0
2013-03-07,274.1,274.8,271.85,273.88,1938987.0
2013-03-08,275.0,275.44,271.5,274.19,1880017.0
2013-03-11,273.43,273.99,270.4,271.24,1905076.0
2013-03-12,271.0,277.4,270.36,274.13,3246856.0
2013-03-13,275.35,276.5,272.64,275.1,1884200.0
2013-03-14,269.67,270.0,263.53,265.74,5227305.0
2013-03-15,264.98,267.26,260.05,261.82,4866472.0
2013-03-18,259.3,261.49,257.12,257.89,2721496.0
2013-03-19,258.4,259.5,252.62,256.41,3739566.0
2013-03-20,258.05,259.76,254.55,257.28,2738970.0
2013-03-21,256.09,257.0,252.68,253.39,2806446.0
2013-03-22,254.55,257.77,252.07,257.75,3126299.0
2013-03-25,258.52,259.43,254.5,256.02,2515058.0
2013-03-26,257.05,261.48,256.28,260.31,2421160.0
2013-03-27,258.66,265.93,257.9,265.3,2874924.0
2013-03-28,265.82,267.38,264.06,266.49,2473857.0
2013-04-01,266.98,267.4,261.01,261.61,2524825.0
2013-04-02,262.4,265.89,260.55,263.32,2631038.0
2013-04-03,262.12,263.67,257.75,259.03,2413784.0
2013-04-04,259.23,260.41,256.12,259.08,1964377.0
2013-04-05,255.72,256.18,253.67,255.48,2557557.0
2013-04-08,255.92,259.68,255.63,258.95,2296023.0
2013-04-09,258.85,262.61,257.0,261.14,2157107.0
2013-04-10,261.78,265.98,259.32,264.77,2322407.0
2013-04-11,264.74,270.97,264.74,269.85,3090466.0
2013-04-12,270.12,273.27,267.02,272.87,2868165.0
2013-04-15,271.08,275.12,267.1,267.72,3325919.0
2013-04-16,269.31,272.8,268.06,272.34,2137118.0
2013-04-17,270.8,270.85,264.25,267.4,3135091.0
2013-04-18,266.77,266.99,256.6,259.42,3137551.0
2013-04-19,258.16,262.88,257.5,260.32,2602670.0
2013-04-22,259.35,264.6,258.03,263.55,2119071.0
2013-04-23,264.5,269.87,264.5,268.9,2271594.0
2013-04-24,269.5,271.47,266.81,268.78,1854821.0
2013-04-25,271.76,275.8,270.5,274.7,6100250.0
2013-04-26,269.97,272.02,252.81,254.81,14031227.0
2013-04-29,254.9,257.01,249.15,249.74,7118558.0
2013-04-30,249.37,254.68,248.56,253.81,4248890.0
2013-05-01,253.9,254.2,245.75,248.23,4391802.0
2013-05-02,248.94,252.93,245.78,252.55,3936070.0
2013-05-03,256.08,259.25,254.7,258.05,3514574.0
2013-05-06,258.09,259.5,253.42,255.72,2348369.0
2013-05-07,256.31,259.74,252.91,257.73,3133969.0
2013-05-08,256.87,260.3,255.33,258.68,2676986.0
2013-05-09,258.73,263.55,256.88,260.16,2769255.0
2013-05-10,260.88,263.65,260.21,263.63,3145219.0
2013-05-13,262.77,265.88,262.0,264.51,2149498.0
2013-05-14,264.5,269.4,264.03,268.33,2700374.0
2013-05-15,267.07,269.05,264.56,266.56,2720489.0
2013-05-16,265.96,268.43,263.85,264.12,1643468.0
2013-05-17,265.83,269.98,265.0,269.9,2527271.0
2013-05-20,269.0,271.79,266.5,267.63,2208934.0
2013-05-21,268.74,270.77,267.66,268.86,1741466.0
2013-05-22,267.39,267.59,260.8,262.96,3332597.0
2013-05-23,260.49,263.17,259.59,261.8,2007811.0
2013-05-24,259.85,261.93,258.34,261.74,1696290.0
2013-05-28,266.48,271.1,266.0,267.29,3470996.0
2013-05-29,265.46,268.25,264.84,265.53,1903490.0
2013-05-30,265.71,268.57,265.61,266.83,1667469.0
2013-05-31,266.0,271.91,265.94,269.2,3374389.0
2013-06-03,268.96,269.11,262.95,266.88,2544780.0
2013-06-04,267.0,268.88,263.02,265.7,2088372.0
2013-06-05,265.81,271.66,265.02,267.17,3512355.0
2013-06-06,267.75,270.5,264.21,267.83,2476268.0
2013-06-07,269.74,280.1,269.13,276.87,4632539.0
2013-06-10,276.68,282.47,275.24,281.07,3086555.0
2013-06-11,276.0,278.41,274.24,274.78,3097745.0
2013-06-12,276.6,276.8,270.45,271.67,2238283.0
2013-06-13,271.5,276.8,270.29,275.79,2651415.0
2013-06-14,275.0,277.07,273.44,273.99,2150743.0
2013-06-17,276.35,280.2,275.65,278.06,2885580.0
2013-06-18,279.08,282.91,278.11,281.76,2146455.0
2013-06-19,281.26,283.34,277.87,278.16,2827458.0
2013-06-20,275.14,278.6,272.39,273.44,2984673.0
2013-06-21,274.57,275.84,269.79,273.36,4202058.0
2013-06-24,271.29,273.16,265.0,270.61,3864968.0
2013-06-25,272.3,273.47,269.0,272.09,2449610.0
2013-06-26,273.98,277.98,273.5,277.57,3029416.0
2013-06-27,279.18,280.2,274.54,277.55,2520422.0
2013-06-28,276.19,279.83,276.19,277.69,3193262.0
2013-07-01,279.0,283.29,277.16,282.1,2889165.0
2013-07-02,281.04,286.58,280.59,283.73,3238218.0
2013-07-03,282.49,285.4,282.0,284.03,1380205.0
2013-07-05,285.0,286.38,282.07,285.88,1985473.0
2013-07-08,286.42,291.67,286.14,290.59,3047097.0
2013-07-09,291.0,292.57,288.01,291.53,2774816.0
2013-07-10,291.41,293.34,289.4,292.33,1828422.0
2013-07-11,294.99,300.69,292.1,299.66,4007401.0
2013-07-12,298.69,307.55,298.5,307.55,4540808.0
2013-07-15,307.27,307.99,304.35,306.57,2245587.0
2013-07-16,307.3,309.39,305.51,306.87,2660220.0
2013-07-17,306.97,308.8,305.69,308.69,2030031.0
2013-07-18,306.27,306.34,301.87,304.11,3064259.0
2013-07-19,304.39,305.79,301.91,305.23,2973041.0
2013-07-22,309.25,309.25,302.0,303.48,2520663.0
2013-07-23,303.16,305.06,300.56,301.06,1999524.0
2013-07-24,303.02,303.84,298.04,298.94,2001737.0
2013-07-25,299.0,304.5,296.75,303.4,5474341.0
2013-07-26,299.55,313.62,295.55,312.01,8818273.0
2013-07-29,311.07,313.0,305.9,306.1,3213015.0
2013-07-30,307.72,309.78,301.57,302.41,3053775.0
2013-07-31,303.91,305.15,301.0,301.22,1891314.0
2013-08-01,303.08,306.21,298.9,305.57,2970920.0
2013-08-02,304.63,305.33,301.5,304.21,2508146.0
2013-08-05,303.4,303.62,298.3,300.99,2233158.0
2013-08-06,300.51,301.36,297.52,300.75,1848951.0
2013-08-07,300.15,300.99,296.15,296.91,1963110.0
2013-08-08,298.52,298.52,292.55,295.74,2344280.0
2013-08-09,295.68,299.27,294.3,297.26,1950386.0
2013-08-12,295.79,299.08,295.26,296.69,1504525.0
2013-08-13,295.88,296.37,290.67,293.97,2350502.0
2013-08-14,294.29,294.29,290.54,291.34,1415276.0
2013-08-15,288.82,289.3,285.15,286.47,2261393.0
2013-08-16,286.55,288.33,284.5,284.82,2422856.0
2013-08-19,285.19,289.56,283.48,285.57,2477429.0
2013-08-20,285.88,289.52,285.74,287.09,1586060.0
2013-08-21,285.09,288.5,283.83,284.57,1815346.0
2013-08-22,284.8,289.87,284.8,289.73,1422672.0
2013-08-23,291.21,291.5,287.9,290.01,1967985.0
2013-08-26,290.43,291.05,285.62,286.21,1717913.0
2013-08-27,283.87,285.28,279.74,280.93,2475891.0
2013-08-28,280.07,283.0,279.33,281.58,1457461.0
2013-08-29,281.45,285.98,280.0,283.98,1566414.0
2013-08-30,284.59,284.87,280.0,280.98,1534606.0
2013-09-03,284.73,291.39,284.17,288.8,2898422.0
2013-09-04,288.33,295.23,287.58,293.64,2439351.0
2013-09-05,293.63,297.0,292.71,294.1,1819790.0
2013-09-06,295.33,298.88,290.8,295.86,2291973.0
2013-09-09,297.22,299.96,296.6,299.71,1646144.0
2013-09-10,300.86,301.0,297.22,300.36,1779887.0
2013-09-11,298.91,301.86,297.84,299.64,1743950.0
2013-09-12,299.39,302.0,297.66,298.86,1606193.0
2013-09-13,300.14,300.22,296.2,297.92,1350645.0
2013-09-16,299.82,301.0,295.26,296.06,1818071.0
2013-09-17,297.63,304.65,296.01,304.17,2297156.0
2013-09-18,304.06,312.74,302.91,312.03,2946338.0
2013-09-19,313.77,314.54,311.04,312.06,2350946.0
2013-09-20,312.54,320.57,312.41,316.34,5305603.0
2013-09-23,314.18,315.9,308.77,311.49,1884997.0
2013-09-24,312.43,318.08,311.28,314.13,2011481.0
2013-09-25,314.53,316.71,310.75,312.65,2008700.0
2013-09-26,313.9,319.37,313.26,318.12,1990700.0
2013-09-27,316.92,317.21,313.35,316.01,1657900.0
2013-09-30,313.41,315.31,311.06,312.64,1625300.0
2013-10-01,314.22,321.0,313.65,320.95,2398300.0
2013-10-02,318.04,321.73,317.52,320.51,2218300.0
2013-10-03,320.39,322.92,313.02,314.76,2679340.0
2013-10-04,315.74,319.2,312.62,319.04,1814900.0
2013-10-07,315.24,315.34,309.74,310.03,2084850.0
2013-10-08,311.5,311.55,300.27,303.23,3170073.0
2013-10-09,303.42,303.5,296.5,298.23,3251612.0
2013-10-10,304.65,306.7,302.59,305.17,2556190.0
2013-10-11,304.77,310.93,303.84,310.89,2162268.0
2013-10-14,309.22,311.64,307.0,310.7,1938900.0
2013-10-15,309.92,310.79,305.26,306.4,2261100.0
2013-10-16,308.38,310.8,305.55,310.49,2178262.0
2013-10-17,307.0,311.0,305.24,310.77,2645160.0
2013-10-18,319.39,331.89,316.75,328.93,5969400.0
2013-10-21,329.89,330.0,323.8,326.44,2525777.0
2013-10-22,327.72,337.11,325.68,332.54,3941628.0
2013-10-23,330.84,331.72,324.06,326.76,2816776.0
2013-10-24,329.64,332.65,326.75,332.21,5832056.0
2013-10-25,358.6,368.4,352.62,363.39,12039315.0
2013-10-28,359.92,362.75,357.2,358.16,3635186.0
2013-10-29,358.96,362.89,356.29,362.7,2190674.0
2013-10-30,362.61,365.0,358.65,361.08,4504134.0
2013-10-31,361.89,366.0,359.0,364.03,2466937.0
2013-11-01,365.14,365.77,356.1,359.0,3332100.0
2013-11-04,360.12,361.0,354.4,358.74,1940496.0
2013-11-05,356.78,360.17,354.84,358.89,2007000.0
2013-11-06,360.45,362.87,354.5,356.18,2287377.0
2013-11-07,355.86,357.9,341.88,343.56,4249496.0
2013-11-08,345.95,351.05,344.04,350.31,2649912.0
2013-11-11,350.59,355.37,348.06,354.38,2262069.0
2013-11-12,352.99,355.48,347.28,349.53,2343800.0
2013-11-13,347.4,356.22,345.68,356.22,2774336.0
2013-11-14,357.39,368.94,356.43,367.4,4163658.0
2013-11-15,367.63,372.9,365.55,369.17,4492700.0
2013-11-18,370.62,373.49,364.67,366.18,2738200.0
2013-11-19,365.82,368.78,362.5,364.94,1902847.0
2013-11-20,367.56,367.56,360.45,362.57,1772325.0
2013-11-21,364.01,369.25,363.3,368.92,1965600.0
2013-11-22,370.0,374.5,366.31,372.31,2967224.0
2013-11-25,373.82,377.79,373.18,376.64,2972200.0
2013-11-26,377.61,382.5,374.82,381.37,2730498.0
2013-11-27,383.5,387.0,382.61,386.71,2269000.0
2013-11-29,389.1,394.1,388.62,393.62,2405985.0
2013-12-02,399.0,399.0,389.1,392.3,4714800.0
2013-12-03,390.11,390.95,383.1,384.66,3703940.0
2013-12-04,383.26,389.69,381.49,385.96,2355700.0
2013-12-05,386.15,386.65,381.37,384.49,1906400.0
2013-12-06,388.35,388.35,383.83,386.95,1986731.0
2013-12-09,388.19,388.21,382.57,384.89,2764148.0
2013-12-10,383.74,389.06,383.02,387.78,2739832.0
2013-12-11,387.71,388.98,382.0,382.19,2449615.0
2013-12-12,381.26,385.0,379.5,381.25,2123426.0
2013-12-13,385.32,389.42,383.8,384.24,3024954.0
2013-12-16,385.03,391.7,385.0,388.97,2256868.0
2013-12-17,391.0,391.36,386.5,387.65,2347335.0
2013-12-18,389.23,396.3,383.1,395.96,3491201.0
2013-12-19,394.27,397.29,392.6,395.19,2429098.0
2013-12-20,396.55,404.72,395.78,402.2,5037682.0
2013-12-23,403.69,405.0,399.2,402.92,2659505.0
2013-12-24,402.52,403.72,396.37,399.2,1380373.0
2013-12-26,401.79,404.52,396.81,404.39,1869140.0
2013-12-27,404.65,405.63,396.25,398.08,1987106.0
2013-12-30,399.41,399.92,392.45,393.37,2486905.0
2013-12-31,394.58,398.83,393.8,398.79,1996507.0
2014-01-02,398.8,399.36,394.02,397.97,2140046.0
2014-01-03,398.29,402.71,396.22,396.44,2212891.0
2014-01-06,395.85,397.0,388.42,393.63,3172058.0
2014-01-07,395.04,398.47,394.29,398.03,1916210.0
2014-01-08,398.47,403.0,396.04,401.92,2316680.0
2014-01-09,403.71,406.89,398.44,401.01,2103505.0
2014-01-10,402.53,403.76,393.8,397.66,2679618.0
2014-01-13,397.98,399.78,388.45,390.98,2845556.0
2014-01-14,392.13,398.63,391.29,397.54,2340147.0
2014-01-15,398.94,399.31,392.53,395.87,2678555.0
2014-01-16,393.68,399.29,389.41,395.8,2602111.0
2014-01-17,394.26,403.49,393.66,399.61,4508341.0
2014-01-21,402.81,407.8,401.6,407.05,3122240.0
2014-01-22,408.0,408.06,402.0,404.54,2068166.0
2014-01-23,401.0,406.17,397.79,399.87,3025785.0
2014-01-24,398.16,400.2,387.27,387.6,4507597.0
2014-01-27,390.5,394.1,380.49,386.28,3942642.0
2014-01-28,387.4,394.74,387.12,394.43,2896827.0
2014-01-29,392.16,392.85,383.24,384.2,3388959.0
2014-01-30,393.77,406.25,387.7,403.01,10794857.0
2014-01-31,372.2,375.45,357.76,358.69,16173786.0
2014-02-03,358.94,360.85,340.1,346.15,10286809.0
2014-02-04,349.52,354.0,344.02,347.95,4819605.0
2014-02-05,345.79,349.37,337.73,346.45,4437777.0
2014-02-06,347.93,354.82,347.4,354.59,3340099.0
2014-02-07,358.98,361.8,352.49,361.08,4346552.0
2014-02-10,361.61,365.0,359.35,360.87,3449710.0
2014-02-11,361.84,363.61,356.25,361.79,3224351.0
2014-02-12,356.43,357.75,346.32,349.25,6594798.0
2014-02-13,347.7,357.2,346.5,357.2,4180370.0
2014-02-14,359.34,359.34,353.35,357.35,3524262.0
2014-02-18,355.28,355.73,349.45,353.65,4999925.0
2014-02-19,352.64,354.54,346.1,347.38,4174567.0
2014-02-20,348.8,350.46,344.38,349.8,3495714.0
2014-02-21,352.44,354.14,346.75,346.76,4211362.0
2014-02-24,345.19,353.0,343.29,351.78,3646518.0
2014-02-25,353.0,361.08,351.58,358.32,3745944.0
2014-02-26,360.0,364.75,357.17,359.8,3622445.0
2014-02-27,357.22,360.59,355.5,360.13,3104963.0
2014-02-28,360.28,365.86,357.08,362.1,3884264.0
2014-03-03,358.73,360.96,354.48,359.78,2803137.0
2014-03-04,363.9,365.68,362.46,363.9,2706728.0
2014-03-05,364.13,372.73,363.9,372.37,3853966.0
2014-03-06,374.05,375.33,368.9,372.16,2926978.0
2014-03-07,374.75,374.99,369.53,372.06,2279987.0
2014-03-10,372.69,372.73,367.0,370.53,2107820.0
2014-03-11,370.99,372.8,367.28,368.82,2248019.0
2014-03-12,367.1,371.16,363.61,370.64,2219663.0
2014-03-13,376.62,383.11,368.08,371.51,6829046.0
2014-03-14,372.8,378.57,371.55,373.74,4402220.0
2014-03-17,375.72,378.85,374.88,375.04,2306821.0
2014-03-18,377.32,379.0,375.0,378.77,2483508.0
2014-03-19,378.77,379.0,369.42,373.23,2645894.0
2014-03-20,370.64,373.0,366.22,368.97,2558460.0
2014-03-21,371.0,372.84,358.4,360.62,5417935.0
2014-03-24,360.61,361.5,348.6,351.85,4879628.0
2014-03-25,354.03,358.97,348.84,354.71,4455640.0
2014-03-26,357.13,357.6,343.4,343.41,4120600.0
2014-03-27,343.15,344.0,330.88,338.47,5770462.0
2014-03-28,340.05,347.0,336.08,338.29,3986782.0
2014-03-31,342.4,346.29,334.06,336.36,4294523.0
2014-04-01,338.09,344.43,338.0,342.99,3602614.0
2014-04-02,345.99,348.3,340.38,341.96,4471377.0
2014-04-03,341.82,342.5,328.46,333.62,6398347.0
2014-04-04,335.15,335.44,315.61,323.0,12532453.0
2014-04-07,320.99,324.94,313.13,317.76,7067884.0
2014-04-08,321.88,328.0,318.44,327.07,6584767.0
2014-04-09,328.49,332.18,322.5,331.8,5058012.0
2014-04-10,330.6,331.0,316.5,317.11,6131034.0
2014-04-11,314.0,316.5,309.5,311.73,7289038.0
2014-04-14,317.42,320.48,311.28,315.91,4293483.0
2014-04-15,316.65,318.28,305.5,316.08,5398783.0
2014-04-16,321.2,324.0,314.71,323.68,4285055.0
2014-04-17,319.76,328.66,319.76,324.91,4299281.0
2014-04-21,323.9,331.15,322.31,330.87,2999670.0
2014-04-22,332.0,337.5,328.94,329.32,3711853.0
2014-04-23,333.01,333.13,323.39,324.58,3601053.0
2014-04-24,329.98,337.4,322.95,337.15,9269341.0
2014-04-25,316.25,316.49,302.71,303.83,16183333.0
2014-04-28,304.0,304.39,288.0,296.58,14479356.0
2014-04-29,296.44,301.84,290.45,300.38,6509686.0
2014-04-30,299.44,304.56,298.1,304.13,4088723.0
2014-05-01,304.13,310.48,304.0,307.89,4328960.0
2014-05-02,310.48,313.29,304.31,308.01,3995109.0
2014-05-05,306.37,310.23,305.0,310.05,2520112.0
2014-05-06,309.53,309.81,297.04,297.38,4681541.0
2014-05-07,295.56,296.4,286.68,292.71,7015342.0
2014-05-08,290.82,295.88,287.23,288.32,3848376.0
2014-05-09,290.57,293.68,284.38,292.24,4061653.0
2014-05-12,294.3,303.34,294.16,302.86,3734343.0
2014-05-13,302.61,305.6,300.75,304.64,3508393.0
2014-05-14,302.5,304.64,296.66,297.62,3327769.0
2014-05-15,298.02,299.2,290.38,295.19,4298378.0
2014-05-16,292.8,298.88,291.55,297.7,3636898.0
2014-05-19,295.76,299.0,293.81,296.76,2285284.0
2014-05-20,297.1,304.46,296.75,301.19,4095943.0
2014-05-21,302.21,305.96,301.52,305.01,3408843.0
2014-05-22,305.05,308.54,303.01,304.91,2576808.0
2014-05-23,305.46,312.35,304.9,312.24,3055712.0
2014-05-27,314.62,314.63,307.38,310.82,4862389.0
2014-05-28,309.5,313.82,307.42,310.16,2726115.0
2014-05-29,310.45,314.87,310.2,313.78,2365619.0
2014-05-30,314.43,314.65,307.57,312.55,4260102.0
2014-06-02,312.59,312.6,307.0,308.84,2205609.0
2014-06-03,305.75,307.92,305.07,307.19,2379273.0
2014-06-04,306.85,309.5,303.84,306.78,2110870.0
2014-06-05,308.25,327.94,306.9,323.57,7802715.0
2014-06-06,325.0,330.88,324.93,329.67,5246010.0
2014-06-09,331.57,333.0,325.65,327.5,3207989.0
2014-06-10,327.65,335.5,327.5,332.41,3668445.0
2014-06-11,336.0,340.72,333.88,335.2,4438294.0
2014-06-12,335.55,335.55,324.66,325.91,4271294.0
2014-06-13,327.05,329.3,323.53,326.27,2766899.0
2014-06-16,324.86,328.69,323.52,327.62,2449843.0
2014-06-17,327.56,331.34,325.23,325.62,2922958.0
2014-06-18,328.0,335.75,325.0,334.38,6405030.0
2014-06-19,335.5,338.9,325.98,327.0,5320964.0
2014-06-20,328.0,328.22,320.42,324.2,6055695.0
2014-06-23,323.33,327.55,321.41,327.24,2608248.0
2014-06-24,327.54,329.73,322.74,324.16,2627311.0
2014-06-25,323.61,328.15,321.74,327.44,2327843.0
2014-06-26,328.49,328.65,322.13,325.69,2699588.0
2014-06-27,326.27,326.52,323.27,324.57,2416246.0
2014-06-30,324.98,326.98,322.24,324.78,2671987.0
2014-07-01,325.86,333.2,325.1,332.39,3177471.0
2014-07-02,333.2,336.76,331.66,332.85,2681500.0
2014-07-03,334.83,338.3,333.08,337.49,1944300.0
2014-07-07,337.49,337.55,332.52,333.55,2129938.0
2014-07-08,333.0,333.74,321.4,323.81,4274607.0
2014-07-09,324.71,330.2,323.15,329.97,3166433.0
2014-07-10,324.34,329.98,322.65,327.92,2665003.0
2014-07-11,334.71,347.0,334.71,346.2,8308164.0
2014-07-14,347.03,355.77,345.36,355.32,5615176.0
2014-07-15,353.72,355.59,349.4,354.44,4176704.0
2014-07-16,355.62,359.32,353.0,355.9,3503904.0
2014-07-17,353.4,356.96,351.38,352.45,3639345.0
2014-07-18,354.4,359.68,352.08,358.66,3410003.0
2014-07-21,358.16,361.71,356.72,359.76,2281080.0
2014-07-22,355.58,362.93,355.25,360.84,2888906.0
2014-07-23,359.05,360.63,356.62,358.14,2687441.0
2014-07-24,359.98,364.85,358.52,358.61,7040485.0
2014-07-25,317.3,324.87,314.76,324.01,17851773.0
2014-07-28,324.25,324.82,316.5,320.41,5932233.0
2014-07-29,321.98,322.9,319.5,320.0,2884947.0
2014-07-30,321.45,322.73,318.5,322.51,3972076.0
2014-07-31,320.01,320.68,311.86,312.99,5192826.0
2014-08-01,313.69,315.83,304.59,307.06,7441491.0
2014-08-04,308.84,316.18,308.5,313.65,4208276.0
2014-08-05,313.3,314.55,310.06,312.32,2855860.0
2014-08-06,310.83,315.78,310.2,313.89,2297006.0
2014-08-07,315.21,315.88,309.65,311.45,2936913.0
2014-08-08,311.94,317.32,310.66,316.8,2708241.0
2014-08-11,318.48,320.38,316.88,318.33,2472379.0
2014-08-12,318.89,321.31,316.95,319.32,1916143.0
2014-08-13,327.6,331.72,326.14,326.28,4944610.0
2014-08-14,327.8,334.09,326.71,333.21,3420525.0
2014-08-15,334.0,335.0,328.32,333.63,3897029.0
2014-08-18,335.48,337.8,333.77,334.53,2487726.0
2014-08-19,334.87,335.81,333.01,335.13,1713884.0
2014-08-20,334.68,337.16,334.02,335.78,1810692.0
2014-08-21,336.48,336.58,332.23,332.91,1975642.0
2014-08-22,332.99,334.08,330.8,331.59,2212398.0
2014-08-25,333.21,336.77,332.71,334.02,1960691.0
2014-08-26,337.0,344.36,334.55,341.83,3646937.0
2014-08-27,342.09,346.67,341.34,343.18,2961657.0
2014-08-28,340.0,341.79,338.8,340.02,2254715.0
2014-08-29,341.76,341.82,337.68,339.04,1939615.0
2014-09-02,339.84,342.5,337.16,342.38,2328881.0
2014-09-03,342.54,343.27,337.55,339.0,1997480.0
2014-09-04,343.69,349.38,343.58,345.95,3965107.0
2014-09-05,346.3,346.83,342.5,346.38,2111160.0
2014-09-08,344.54,345.81,339.04,342.34,2959056.0
2014-09-09,341.61,341.76,329.18,329.75,4646131.0
2014-09-10,334.3,334.98,328.82,331.33,3798463.0
2014-09-11,329.94,333.01,326.39,330.52,2720215.0
2014-09-12,329.56,332.89,328.79,331.19,3429552.0
2014-09-15,330.91,331.33,319.0,323.89,4005637.0
2014-09-16,321.07,329.48,320.1,327.76,3265157.0
2014-09-17,327.76,328.0,321.52,324.0,4138335.0
2014-09-18,325.44,327.1,323.71,325.0,2577678.0
2014-09-19,327.6,332.76,325.57,331.32,6886328.0
2014-09-22,328.49,329.49,321.06,324.5,3117024.0
2014-09-23,322.46,327.6,321.25,323.63,2353185.0
2014-09-24,324.17,329.44,319.56,328.21,2645520.0
2014-09-25,327.99,328.54,321.4,321.93,2934746.0
2014-09-26,320.6,323.5,317.64,323.21,3638741.0
2014-09-29,320.5,323.75,319.0,321.82,1929479.0
2014-09-30,321.36,323.43,318.51,322.44,2639822.0
2014-10-01,322.04,322.17,315.55,317.46,3095793.0
2014-10-02,316.92,318.53,311.31,318.41,3553943.0
2014-10-03,320.36,325.16,319.53,322.74,3037803.0
2014-10-06,323.5,324.13,319.6,322.2,2294182.0
2014-10-07,319.43,322.0,316.67,316.98,2365443.0
2014-10-08,316.58,324.11,314.14,322.7,3457907.0
2014-10-09,321.49,322.27,314.52,315.37,3588729.0
2014-10-10,314.02,317.77,311.38,311.39,3683460.0
2014-10-13,309.87,313.2,303.47,306.45,4368829.0
2014-10-14,308.0,312.24,305.75,308.31,3385804.0
2014-10-15,304.35,307.9,299.1,305.97,5346280.0
2014-10-16,293.83,306.82,293.83,302.86,4731356.0
2014-10-17,307.15,309.2,302.72,303.64,4408974.0
2014-10-20,302.9,306.53,302.02,306.21,3238775.0
2014-10-21,309.65,315.64,307.07,315.33,3562431.0
2014-10-22,315.57,318.98,312.64,312.97,3129549.0
2014-10-23,313.4,316.8,311.4,313.18,9002605.0
2014-10-24,284.4,293.81,284.0,287.06,19804064.0
2014-10-27,285.7,290.42,285.02,289.97,5950509.0
2014-10-28,289.85,298.0,289.76,295.59,5576646.0
2014-10-29,299.11,299.61,293.07,294.12,4883260.0
2014-10-30,293.98,299.74,292.36,299.07,4055155.0
2014-10-31,305.15,305.72,301.5,305.46,4551795.0
2014-11-03,306.24,308.01,303.24,305.72,3242830.0
2014-11-04,303.99,304.25,300.17,302.81,3427041.0
2014-11-05,303.01,304.0,294.16,296.52,4673695.0
2014-11-06,296.69,297.0,292.29,296.64,3757178.0
2014-11-07,297.82,299.99,296.29,299.86,2646320.0
2014-11-10,300.0,305.8,300.0,305.11,2808556.0
2014-11-11,305.94,312.38,303.65,312.01,3807066.0
2014-11-12,310.76,312.58,308.79,311.51,2182838.0
2014-11-13,311.89,317.89,311.51,316.48,3685653.0
2014-11-14,317.12,332.88,316.4,327.82,8876407.0
2014-11-17,326.44,328.0,318.03,323.05,4784733.0
2014-11-18,323.99,329.56,323.25,324.93,3550440.0
2014-11-19,327.09,328.4,324.02,326.54,3281186.0
2014-11-20,324.0,332.67,323.33,330.54,3436006.0
2014-11-21,335.42,338.33,331.47,332.63,4466124.0
2014-11-24,334.78,337.39,333.6,335.64,2753835.0
2014-11-25,335.35,336.33,331.28,335.04,2564760.0
2014-11-26,333.98,334.65,331.75,333.57,1984233.0
2014-11-28,336.03,341.26,336.03,338.64,3051798.0
2014-12-01,338.23,340.64,325.93,326.0,4943876.0
2014-12-02,327.46,327.93,323.25,326.31,2789740.0
2014-12-03,325.73,326.77,314.36,316.5,5689734.0
2014-12-04,315.53,318.59,313.47,316.93,3295707.0
2014-12-05,316.8,316.93,310.84,312.63,3264964.0
2014-12-08,311.57,316.56,304.82,306.64,3639125.0
2014-12-09,302.99,313.64,301.14,312.5,4048683.0
2014-12-10,312.0,313.19,304.68,305.84,3245040.0
2014-12-11,308.23,312.64,306.01,307.36,3272639.0
2014-12-12,304.01,310.64,303.01,307.32,3162218.0
2014-12-15,308.87,310.86,302.15,306.07,3840984.0
2014-12-16,304.35,304.49,295.01,295.06,6491863.0
2014-12-17,296.37,299.67,293.03,298.88,4433380.0
2014-12-18,304.01,304.5,293.25,297.73,7737784.0
2014-12-19,296.91,301.54,295.52,299.9,8708789.0
2014-12-22,301.94,307.36,301.94,306.54,4003717.0
2014-12-23,306.98,307.49,303.25,306.29,2718359.0
2014-12-24,306.38,307.0,302.88,303.03,1518107.0
2014-12-26,305.0,310.78,303.81,309.09,2893595.0
2014-12-29,307.85,314.27,306.58,312.04,3008721.0
2014-12-30,309.91,313.94,309.34,310.3,2092973.0
2014-12-31,311.55,312.98,310.01,310.35,2057696.0
2015-01-02,312.58,314.75,306.96,308.52,2788051.0
2015-01-05,307.02,308.38,300.85,302.19,2774112.0
2015-01-06,302.24,303.0,292.38,295.29,3518547.0
2015-01-07,297.5,301.28,295.33,298.42,2640299.0
2015-01-08,300.59,303.14,296.11,300.46,3087596.0
2015-01-09,301.48,302.87,296.68,296.93,2592180.0
2015-01-12,297.96,298.51,289.28,291.41,3420898.0
2015-01-13,297.48,301.5,293.23,294.74,4136076.0
2015-01-14,291.93,295.91,286.5,293.27,5534816.0
2015-01-15,294.0,296.0,286.82,286.95,4417173.0
2015-01-16,286.28,290.79,285.25,290.74,3478070.0
2015-01-20,292.59,293.36,286.39,289.44,4178357.0
2015-01-21,289.64,306.0,287.26,297.25,12645671.0
2015-01-22,300.3,312.25,300.0,310.32,7123686.0
2015-01-23,308.08,316.93,307.72,312.39,9121555.0
2015-01-26,312.0,313.0,307.52,309.66,3169483.0
2015-01-27,306.3,310.24,302.63,306.75,2919489.0
2015-01-28,309.81,311.51,303.8,303.91,3037277.0
2015-01-29,304.73,312.8,299.33,311.78,8578564.0
2015-01-30,346.32,359.5,340.74,354.53,23854161.0
2015-02-02,350.05,365.0,350.01,364.47,10230448.0
2015-02-03,360.25,367.82,360.21,363.55,6211521.0
2015-02-04,358.38,367.5,358.23,364.75,4169095.0
2015-02-05,366.0,378.8,365.9,373.89,7245394.0
2015-02-06,374.87,375.99,371.01,374.28,3890282.0
2015-02-09,371.0,374.41,367.2,370.56,2724025.0
2015-02-10,370.89,374.3,368.51,372.99,2286929.0
2015-02-11,371.23,377.1,371.1,375.14,2786043.0
2015-02-12,375.1,378.51,373.15,377.17,2790990.0
2015-02-13,378.31,383.0,377.01,381.83,3474771.0
2015-02-17,377.72,379.98,372.67,375.43,3673191.0
2015-02-18,373.78,376.74,372.85,373.37,2650327.0
2015-02-19,373.43,381.88,373.43,378.99,2951237.0
2015-02-20,378.62,383.7,375.84,383.66,3257764.0
2015-02-23,383.4,384.54,378.0,380.14,2176879.0
2015-02-24,378.65,380.48,376.16,378.59,1921560.0
2015-02-25,377.27,387.85,376.54,385.37,3174490.0
2015-02-26,384.07,389.37,383.28,384.8,2687041.0
2015-02-27,384.0,385.99,379.79,380.16,2532201.0
2015-03-02,380.85,385.9,379.48,385.65,2139200.0
2015-03-03,384.0,386.1,381.6,384.61,1946400.0
2015-03-04,385.9,387.9,382.19,382.72,2259100.0
2015-03-05,385.61,388.42,383.89,387.83,2693500.0
2015-03-06,385.52,387.0,378.88,380.09,2627000.0
2015-03-09,378.4,379.33,375.28,378.56,2311300.0
2015-03-10,377.45,377.77,369.18,369.51,3120900.0
2015-03-11,370.61,373.35,366.26,366.37,2495000.0
2015-03-12,368.72,375.5,367.52,374.24,2810000.0
2015-03-13,371.85,373.99,366.68,370.58,2611600.0
2015-03-16,370.38,373.94,366.72,373.35,2354000.0
2015-03-17,371.11,374.5,369.64,371.92,2036900.0
2015-03-18,369.97,375.99,366.7,375.14,2654100.0
2015-03-19,373.87,377.11,372.19,373.24,1915600.0
2015-03-20,376.29,379.37,375.92,378.49,3763500.0
2015-03-23,378.07,381.77,374.94,375.11,2239300.0
2015-03-24,373.99,375.24,372.27,374.09,2228200.0
2015-03-25,375.17,380.5,370.29,370.96,3429400.0
2015-03-26,369.59,371.4,365.65,367.35,2929900.0
2015-03-27,367.11,373.17,366.57,370.56,2609700.0
2015-03-30,371.87,376.12,371.55,374.59,1820900.0
2015-03-31,373.24,377.7,371.51,372.1,2506122.0
2015-04-01,372.23,373.16,368.34,370.26,2458000.0
2015-04-02,370.5,373.28,369.0,372.25,1875200.0
2015-04-06,370.1,380.2,369.36,377.04,3050700.0
2015-04-07,376.07,379.31,374.03,374.41,1954802.0
2015-04-08,374.66,381.58,374.65,381.2,2636400.0
2015-04-09,380.66,384.42,378.8,383.54,2390866.0
2015-04-10,384.31,387.12,381.32,382.65,2573500.0
2015-04-13,383.5,385.28,380.14,382.36,1894400.0
2015-04-14,383.51,387.81,381.21,385.11,2583500.0
2015-04-15,384.65,385.78,381.64,383.45,1929842.0
2015-04-16,383.69,387.45,383.55,386.04,2080368.0
2015-04-17,382.63,383.56,374.4,375.56,3839600.0
2015-04-20,378.55,391.94,377.0,389.51,5015683.0
2015-04-21,391.31,394.6,386.8,391.18,4642849.0
2015-04-22,391.91,394.28,388.0,389.8,3472830.0
2015-04-23,390.21,391.88,386.15,389.99,7979900.0
2015-04-24,439.0,452.65,439.0,445.1,17176904.0
2015-04-27,443.86,446.99,437.41,438.56,5430900.0
2015-04-28,438.51,439.0,428.04,429.31,4140483.0
2015-04-29,426.75,434.24,426.03,429.37,3621600.0
2015-04-30,427.11,431.75,419.24,421.78,3647800.0
2015-05-01,423.82,425.64,416.0,422.87,3565800.0
2015-05-04,424.73,429.77,422.42,423.04,2270400.0
2015-05-05,422.85,427.51,421.02,421.19,2856300.0
2015-05-06,421.43,422.72,414.55,419.1,2548177.0
2015-05-07,424.15,428.5,422.85,426.88,2765557.0
2015-05-08,430.75,435.2,430.17,433.69,2908800.0
2015-05-11,432.52,439.0,431.37,432.85,2393700.0
2015-05-12,431.08,433.25,426.71,431.02,1947817.0
2015-05-13,429.58,433.53,425.8,426.87,1996328.0
2015-05-14,429.45,433.0,427.01,432.28,1888400.0
2015-05-15,428.0,430.4,424.3,426.0,4240281.0
2015-05-18,426.0,427.27,421.46,425.24,2389462.0
2015-05-19,424.94,428.24,420.63,421.71,2465240.0
2015-05-20,420.6,427.1,418.36,423.86,2196159.0
2015-05-21,428.0,436.9,428.0,431.63,4121400.0
2015-05-22,431.55,432.44,427.61,427.63,2020600.0
2015-05-26,426.2,427.0,422.0,425.47,2239503.0
2015-05-27,427.45,431.85,425.01,431.42,2231000.0
2015-05-28,429.71,431.35,425.47,426.57,1909091.0
2015-05-29,427.23,432.5,427.23,429.23,3016000.0
2015-06-01,430.4,433.16,426.2,430.92,2253264.0
2015-06-02,430.07,433.23,426.25,430.99,1669803.0
2015-06-03,434.4,438.39,432.75,436.59,2727900.0
2015-06-04,434.4,436.76,429.26,430.78,2510700.0
2015-06-05,429.66,430.8,426.5,426.95,1907800.0
2015-06-08,425.63,426.8,421.42,423.5,2172500.0
2015-06-09,422.96,427.49,419.14,425.48,2288325.0
2015-06-10,426.46,432.2,425.66,430.77,2172183.0
2015-06-11,431.56,438.89,431.47,432.97,2922253.0
2015-06-12,431.02,432.36,428.26,429.92,2052600.0
2015-06-15,427.66,428.05,422.64,423.67,2050900.0
2015-06-16,424.15,427.97,422.67,427.26,2297400.0
2015-06-17,428.36,431.35,424.75,427.81,2185800.0
2015-06-18,430.3,439.73,429.4,439.39,3378300.0
2015-06-19,440.26,444.99,433.24,434.92,4495000.0
2015-06-22,437.03,439.24,434.18,436.29,1823500.0
2015-06-23,435.58,447.04,433.69,445.99,3245049.0
2015-06-24,444.97,446.47,440.23,440.84,2620800.0
2015-06-25,438.07,443.47,436.39,440.1,2237400.0
2015-06-26,442.19,443.49,435.06,438.1,2624400.0
2015-06-29,434.98,437.0,429.0,429.86,2753100.0
2015-06-30,434.21,435.57,430.46,434.09,2596873.0
2015-07-01,439.35,440.0,435.58,437.39,1987000.0
2015-07-02,437.31,438.2,433.48,437.71,1343300.0
2015-07-06,435.23,439.73,433.52,436.04,1903100.0
2015-07-07,435.68,437.73,425.57,436.72,3454200.0
2015-07-08,434.35,435.99,428.83,429.7,2383100.0
2015-07-09,434.9,438.72,434.15,434.39,2271300.0
2015-07-10,440.49,444.72,439.0,443.51,2400900.0
2015-07-13,448.29,457.87,447.54,455.57,3956800.0
2015-07-14,462.73,469.6,458.16,465.57,4735488.0
2015-07-15,463.04,464.7,460.2,461.19,2986062.0
2015-07-16,466.11,475.88,464.8,475.48,4095500.0
2015-07-17,477.7,485.42,477.25,483.01,4932100.0
2015-07-20,492.57,493.2,485.4,488.1,4752400.0
2015-07-21,487.9,488.88,482.55,488.0,3181800.0
2015-07-22,485.99,492.5,484.9,488.27,3114800.0
2015-07-23,491.66,491.66,475.7,482.18,9374400.0
2015-07-24,578.99,580.57,529.35,529.42,21909300.0
2015-07-27,527.75,544.95,526.6,531.41,7490900.0
2015-07-28,536.0,536.39,523.12,526.03,5273000.0
2015-07-29,530.92,532.97,525.02,529.0,3752634.0
2015-07-30,527.65,539.2,524.29,536.76,3743000.0
2015-07-31,539.09,542.84,534.52,536.15,3025500.0
2015-08-03,537.45,540.44,529.36,535.03,3014150.0
2015-08-04,529.69,536.95,529.16,531.9,2934500.0
2015-08-05,538.8,539.14,534.12,537.01,2889300.0
2015-08-06,539.3,542.74,527.52,529.46,3817004.0
2015-08-07,529.16,529.46,518.21,522.62,3969200.0
2015-08-10,528.52,532.28,523.0,524.0,2615900.0
2015-08-11,523.65,528.98,522.0,527.46,2676051.0
2015-08-12,523.75,527.5,513.06,525.91,4014600.0
2015-08-13,527.37,534.66,525.48,529.66,2895200.0
2015-08-14,528.25,534.11,528.25,531.52,1994700.0
2015-08-17,531.29,538.74,527.12,535.22,2581600.0
2015-08-18,535.04,539.49,533.0,535.02,2071300.0
2015-08-19,533.74,537.25,529.0,532.92,2324000.0
2015-08-20,530.39,533.25,515.77,515.78,4407900.0
2015-08-21,507.36,512.33,494.47,494.47,6706400.0
2015-08-24,463.58,489.76,451.0,463.37,10096277.0
2015-08-25,487.49,489.44,466.25,466.37,5679300.0
2015-08-26,484.02,503.72,478.76,500.77,6358600.0
2015-08-27,513.71,522.69,507.26,518.37,6114500.0
2015-08-28,517.5,521.5,513.04,518.01,2746700.0
2015-08-31,516.44,519.41,509.07,512.89,3002200.0
2015-09-01,499.14,510.0,493.43,496.54,3864500.0
2015-09-02,505.09,510.86,497.72,510.55,3707100.0
2015-09-03,514.5,515.84,502.57,504.72,3149600.0
2015-09-04,497.65,502.85,495.64,499.0,2692500.0
2015-09-08,508.69,518.35,508.51,517.54,3810600.0
2015-09-09,524.0,529.95,515.06,516.89,4370600.0
2015-09-10,515.15,526.13,514.78,522.24,2574927.0
2015-09-11,521.07,529.44,520.6,529.44,3227800.0
2015-09-14,529.44,532.45,518.58,521.38,3130200.0
2015-09-15,523.25,527.92,517.2,522.37,2865900.0
2015-09-16,521.98,528.3,518.52,527.39,2252700.0
2015-09-17,526.98,546.97,526.57,538.87,4169484.0
2015-09-18,534.62,546.24,531.35,540.26,6160000.0
2015-09-21,544.33,549.78,539.59,548.39,3283300.0
2015-09-22,539.71,543.55,532.66,538.4,3841700.0
2015-09-23,538.3,541.21,534.0,536.07,2237571.0
2015-09-24,530.55,534.56,522.87,533.75,3499381.0
2015-09-25,542.57,542.8,521.4,524.25,4030900.0
2015-09-28,520.02,520.28,494.33,504.06,5432034.0
2015-09-29,506.0,511.48,490.5,496.07,4457500.0
2015-09-30,505.44,512.8,501.67,511.89,4004600.0
2015-10-01,511.0,520.8,506.0,520.72,3768400.0
2015-10-02,512.99,532.6,508.1,532.54,4597700.0
2015-10-05,536.99,545.91,536.0,543.68,3388133.0
2015-10-06,545.5,551.5,533.33,537.48,4547500.0
2015-10-07,541.79,542.0,529.0,541.94,3812087.0
2015-10-08,536.71,539.39,519.89,533.16,4676400.0
2015-10-09,534.48,541.79,530.27,539.8,3534500.0
2015-10-12,539.96,550.82,539.8,550.19,2775230.0
2015-10-13,546.25,553.2,543.1,548.9,2938000.0
2015-10-14,551.34,552.25,539.68,544.83,3582060.0
2015-10-15,547.75,563.0,547.0,562.44,4937000.0
2015-10-16,565.18,570.94,560.31,570.76,4315700.0
2015-10-19,570.76,579.0,567.38,573.15,4375420.0
2015-10-20,572.0,573.0,555.28,560.88,4346209.0
2015-10-21,563.87,565.25,552.52,555.77,3361600.0
2015-10-22,562.7,569.15,556.67,563.91,7779300.0
2015-10-23,617.68,619.45,595.36,599.03,10692600.0
2015-10-26,602.3,609.85,596.29,608.61,4269700.0
2015-10-27,608.6,614.71,605.53,611.01,3787100.0
2015-10-28,612.3,617.23,609.5,617.1,3926200.0
2015-10-29,617.7,627.54,615.39,626.55,3896000.0
2015-10-30,626.01,630.72,625.28,625.9,3874300.0
2015-11-02,627.13,628.63,620.41,628.35,2815102.0
2015-11-03,629.53,629.89,622.0,625.31,3246910.0
2015-11-04,627.76,645.93,627.35,640.95,4838236.0
2015-11-05,647.1,657.0,643.09,655.65,4723800.0
2015-11-06,655.0,662.26,652.0,659.37,4092100.0
2015-11-09,658.65,661.96,647.85,655.49,4048373.0
2015-11-10,651.01,660.0,647.26,659.68,3489400.0
2015-11-11,663.25,675.96,663.25,673.25,5387300.0
2015-11-12,673.0,675.64,664.22,665.6,4284600.0
2015-11-13,663.57,667.0,640.45,642.35,6261000.0
2015-11-16,640.92,649.99,622.29,647.81,7435900.0
2015-11-17,650.65,653.25,641.0,643.3,4320100.0
2015-11-18,646.51,664.88,646.37,663.54,4469700.0
2015-11-19,664.99,672.86,659.0,661.27,4705237.0
2015-11-20,667.94,668.87,657.57,668.45,3896100.0
2015-11-23,671.5,682.77,668.45,678.99,4385000.0
2015-11-24,674.14,675.8,661.21,671.15,4542700.0
2015-11-25,675.0,679.7,671.24,675.34,2697800.0
2015-11-27,680.8,680.99,672.1,673.26,1966800.0
2015-11-30,675.9,681.29,664.6,664.8,5693100.0
2015-12-01,673.75,681.0,667.86,679.06,4751099.0
2015-12-02,681.0,684.82,674.25,676.01,4270380.0
2015-12-03,679.44,682.79,661.48,666.25,5063688.0
2015-12-04,666.0,674.78,661.4,672.64,4534700.0
2015-12-07,674.74,675.46,660.5,669.83,3732800.0
2015-12-08,663.13,679.99,659.79,677.33,3651842.0
2015-12-09,678.0,679.0,655.68,664.79,5158100.0
2015-12-10,665.59,668.53,659.56,662.32,3455400.0
2015-12-11,651.23,657.88,639.62,640.15,5474400.0
2015-12-14,641.75,658.59,635.27,657.91,4356278.0
2015-12-15,665.03,671.5,657.35,658.64,4753400.0
2015-12-16,663.56,677.35,659.32,675.77,3964400.0
2015-12-17,680.0,682.5,670.65,670.65,3681600.0
2015-12-18,668.65,676.84,664.13,664.14,6841300.0
2015-12-21,668.5,669.9,658.93,664.51,3250900.0
2015-12-22,666.83,668.49,659.26,663.15,2667715.0
2015-12-23,666.5,666.6,656.63,663.7,2722900.0
2015-12-24,663.35,664.68,660.6,662.79,1092970.0
2015-12-28,665.56,675.5,665.5,675.2,3783555.0
2015-12-29,677.98,696.44,677.89,693.97,5734996.0
2015-12-30,691.89,695.49,686.375,689.07,3241175.0
2015-12-31,686.08,687.75,675.89,675.89,2927410.0
2016-01-04,656.29,657.715,627.51,636.99,8255670.0
2016-01-05,646.86,646.91,627.65,633.79,4479599.0
2016-01-06,622.0,639.79,620.31,632.65,4032139.0
2016-01-07,621.8,630.0,605.21,607.94,6904855.0
2016-01-08,619.66,624.14,606.0,607.05,5238293.0
2016-01-11,612.48,619.85,598.57,617.74,4891551.0
2016-01-12,625.25,625.99,612.242,617.89,4094644.0
2016-01-13,620.88,620.88,579.16,581.81,5996350.0
2016-01-14,580.25,602.25,569.88,593.0,6069839.0
2016-01-15,572.24,584.62,565.3,570.18,5922791.0
2016-01-19,577.09,584.0,566.45,574.48,4807100.0
2016-01-20,564.36,578.45,547.18,571.77,7487432.0
2016-01-21,573.58,588.81,568.22,575.02,3717544.0
2016-01-22,588.73,600.1,584.108,596.38,4527774.0
2016-01-25,597.99,608.5,594.56,596.53,3497919.0
2016-01-26,603.45,604.5,590.38,601.25,3582624.0
2016-01-27,601.99,603.39,578.78,583.35,4088184.0
2016-01-28,608.37,638.06,597.55,635.35,9725005.0
2016-01-29,571.98,593.0,570.0,585.61,13530802.0
2016-02-01,578.15,581.8,570.31,574.81,5902992.0
2016-02-02,570.0,571.56,550.09,552.1,5877356.0
2016-02-03,553.5,556.0,521.9,531.07,9580065.0
2016-02-04,525.0,538.99,519.22,536.26,4883113.0
2016-02-05,529.28,529.45,499.19,502.13,9281294.0
2016-02-08,486.47,493.5,475.21,488.1,8000876.0
2016-02-09,478.01,498.38,474.0,482.07,6730974.0
2016-02-10,491.76,504.66,486.0,490.48,6248453.0
2016-02-11,491.17,509.3,484.0,503.82,5707863.0
2016-02-12,510.7,516.75,501.493,507.08,4800404.0
2016-02-16,519.48,524.45,511.66,521.1,4003841.0
2016-02-17,528.74,537.48,519.39,534.1,3838727.0
2016-02-18,541.19,541.2,523.73,525.0,3703692.0
2016-02-19,520.71,535.95,515.35,534.9,3736928.0
2016-02-22,542.2,560.65,541.08,559.5,5243188.0
2016-02-23,555.55,556.91,545.33,552.94,3424628.0
2016-02-24,545.75,554.27,533.15,554.04,5698381.0
2016-02-25,555.52,559.39,545.295,555.15,3701865.0
2016-02-26,560.12,562.5,553.17,555.23,4370307.0
2016-02-29,554.0,564.81,552.51,552.52,3027652.0
2016-03-01,556.29,579.25,556.0,579.04,3930027.0
2016-03-02,581.75,585.0,573.7,580.21,4363870.0
2016-03-03,577.96,579.866,573.11,577.49,2052498.0
2016-03-04,581.07,581.4,571.065,575.14,2613784.0
2016-03-07,573.54,573.63,555.55,562.8,3797195.0
2016-03-08,557.87,571.35,554.74,560.26,3677496.0
2016-03-09,559.56,560.35,550.125,559.47,4026244.0
2016-03-10,566.74,567.0,547.9,558.93,3919892.0
2016-03-11,566.95,570.06,562.73,569.61,3293916.0
2016-03-14,567.0,576.89,563.05,573.37,3454152.0
2016-03-15,571.0,581.52,567.0,577.02,3876821.0
2016-03-16,576.64,581.32,571.14,574.27,3537669.0
2016-03-17,569.51,571.4,555.01,559.44,5928105.0
2016-03-18,560.94,562.33,546.09,552.08,7296885.0
2016-03-21,548.91,555.24,538.58,553.98,5155732.0
2016-03-22,545.11,562.76,545.05,560.48,4000564.0
2016-03-23,561.0,572.48,558.1,569.63,3983720.0
2016-03-24,567.11,583.55,567.08,582.95,5185539.0
2016-03-28,584.4,584.75,575.56,579.87,2711908.0
2016-03-29,580.15,595.85,576.5,593.86,3702016.0
2016-03-30,596.71,603.24,595.0,598.69,3204413.0
2016-03-31,599.28,600.75,592.21,593.64,2032513.0
2016-04-01,590.49,599.03,588.3,598.5,2293292.0
2016-04-04,599.0,599.5,590.55,593.19,1933679.0
2016-04-05,590.77,593.47,585.25,586.14,1670042.0
2016-04-06,587.52,602.39,587.5,602.08,2232087.0
2016-04-07,598.76,599.6,589.08,591.43,2795614.0
2016-04-08,594.32,597.86,589.0,594.6,2196820.0
2016-04-11,596.14,604.0,594.91,595.93,2575034.0
2016-04-12,598.4,604.06,592.31,603.17,1971198.0
2016-04-13,607.68,616.81,605.29,614.82,3967156.0
2016-04-14,615.07,624.38,615.07,620.75,2316901.0
2016-04-15,621.92,626.77,618.11,625.89,2501582.0
2016-04-18,625.35,637.64,624.96,635.35,3604547.0
2016-04-19,637.14,638.01,620.8,627.9,3690986.0
2016-04-20,630.0,636.55,623.0,632.99,2067204.0
2016-04-21,631.0,637.82,628.5,631.0,1875512.0
2016-04-22,624.47,628.25,611.56,620.5,3939874.0
2016-04-25,616.61,626.98,616.251,626.2,1970214.0
2016-04-26,626.17,626.755,614.88,616.88,2410847.0
2016-04-27,611.8,615.95,601.28,606.57,2819317.0
2016-04-28,615.54,626.8,599.2,602.0,4173149.0
2016-04-29,666.0,669.98,654.0,659.59,9786245.0
2016-05-02,663.92,685.5,662.025,683.85,6254093.0
2016-05-03,677.36,680.3,670.43,671.32,3976900.0
2016-05-04,662.59,674.0,662.14,670.98,3451878.0
2016-05-05,673.31,676.49,656.0,659.05,3639466.0
2016-05-06,656.05,676.95,656.01,673.95,3759691.0
2016-05-09,673.95,686.98,671.41,679.75,3411702.0
2016-05-10,694.0,704.55,693.5,703.07,5984730.0
2016-05-11,705.79,719.0,701.65,713.56,6532415.0
2016-05-12,717.38,722.45,711.51,717.93,4835440.0
2016-05-13,714.64,719.25,706.51,709.92,4340733.0
2016-05-16,710.13,713.25,700.28,710.66,4126737.0
2016-05-17,709.9,714.47,693.91,695.27,3921497.0
2016-05-18,689.56,702.54,688.76,697.45,3276244.0
2016-05-19,691.88,699.4,689.56,698.52,2352832.0
2016-05-20,701.05,707.24,700.0,702.8,2714132.0
2016-05-23,704.25,706.0,696.42,696.75,2010663.0
2016-05-24,698.01,707.5,698.0,704.2,2218543.0
2016-05-25,708.0,710.86,705.516,708.35,2925016.0
2016-05-26,708.33,715.0,707.293,714.91,2139041.0
2016-05-27,715.0,716.6,711.1,712.24,1747954.0
2016-05-31,712.33,724.23,711.32,722.79,3351363.0
2016-06-01,720.9,726.43,718.22,719.44,2461798.0
2016-06-02,720.97,728.25,715.5,728.24,2434324.0
2016-06-03,726.74,727.0,718.43,725.54,3153622.0
2016-06-06,726.5,731.5,724.42,726.73,2027673.0
2016-06-07,729.89,730.0,720.55,723.74,2113300.0
2016-06-08,726.4,729.42,721.6,726.64,1616034.0
2016-06-09,723.1,728.91,722.3,727.65,1957980.0
2016-06-10,722.35,724.98,714.21,718.02,2864889.0
2016-06-13,714.01,721.99,711.16,715.24,2313956.0
2016-06-14,712.33,720.805,712.27,719.3,1804502.0
2016-06-15,722.0,722.56,713.352,714.26,2242517.0
2016-06-16,712.05,718.0,705.3,717.51,2194577.0
2016-06-17,718.19,718.2,699.18,706.39,5032937.0
2016-06-20,713.5,721.31,710.81,714.01,2660062.0
2016-06-21,715.72,718.4,712.721,715.82,1833644.0
2016-06-22,716.58,717.0,707.565,710.6,1604113.0
2016-06-23,715.5,722.12,712.5,722.08,2333218.0
2016-06-24,693.0,712.529,692.2,698.96,7062921.0
2016-06-27,692.01,696.819,682.115,691.36,4966500.0
2016-06-28,700.0,708.0,698.171,707.95,3676311.0
2016-06-29,715.75,719.5,713.54,715.46,2183673.0
2016-06-30,717.2,719.37,712.54,715.62,2340528.0
2016-07-01,717.32,728.0,716.54,725.62,2583037.0
2016-07-05,722.8,729.56,719.61,728.1,1978562.0
2016-07-06,725.71,737.77,722.58,737.57,3640034.0
2016-07-07,739.33,739.542,731.63,736.57,2242262.0
2016-07-08,740.14,746.1,738.0,745.81,2790588.0
2016-07-11,750.0,755.9,747.0,753.78,2412838.0
2016-07-12,756.86,757.34,740.33,748.21,4411430.0
2016-07-13,746.76,756.87,741.25,742.63,3335631.0
2016-07-14,748.86,749.04,739.02,741.2,2293538.0
2016-07-15,746.55,746.55,734.05,735.43,2517789.0
2016-07-18,735.49,741.595,728.72,736.07,2693339.0
2016-07-19,732.5,743.33,732.31,739.95,2053395.0
2016-07-20,744.0,746.25,740.7,745.72,1993629.0
2016-07-21,747.5,749.36,742.792,744.43,1751151.0
2016-07-22,747.79,751.28,743.53,744.86,1775547.0
2016-07-25,746.55,748.5,735.35,739.61,2396221.0
2016-07-26,742.71,743.13,732.753,735.59,2025141.0
2016-07-27,737.97,740.94,733.86,736.67,2028991.0
2016-07-28,745.98,753.36,739.7,752.61,4407641.0
2016-07-29,765.0,766.0,755.0,758.81,6529643.0
2016-08-01,759.87,770.5,757.06,767.74,3053862.0
2016-08-02,763.81,765.01,757.02,760.58,3167836.0
2016-08-03,757.06,758.89,752.25,754.55,3083438.0
2016-08-04,753.7,765.0,750.35,760.77,2557512.0
2016-08-05,764.81,768.47,763.09,765.98,2516246.0
2016-08-08,766.81,767.0,761.015,766.56,1709639.0
2016-08-09,767.39,772.6,766.9,768.31,1385461.0
2016-08-10,769.8,772.1,766.19,768.56,1195031.0
2016-08-11,769.94,773.75,769.12,771.24,1461185.0
2016-08-12,768.46,773.15,768.423,772.56,1116266.0
2016-08-15,771.9,772.04,767.71,768.49,1526623.0
2016-08-16,768.62,768.732,763.82,764.04,1115801.0
2016-08-17,764.41,765.22,759.199,764.63,1744872.0
2016-08-18,764.0,765.17,760.6,764.46,1180267.0
2016-08-19,761.9,762.49,756.89,757.31,2107219.0
2016-08-22,757.5,759.85,752.1,759.48,1270361.0
2016-08-23,763.31,764.7,761.0,762.45,1100020.0
2016-08-24,763.0,763.41,755.36,757.25,1436389.0
2016-08-25,756.0,760.56,754.741,759.22,1296699.0
2016-08-26,760.05,770.0,759.795,769.0,2078292.0
2016-08-29,768.72,774.98,768.6,771.29,1946604.0
2016-08-30,771.05,771.836,765.56,767.58,1286401.0
2016-08-31,766.6,769.64,764.0,769.16,1199967.0
2016-09-01,770.9,772.04,766.75,770.62,1478134.0
2016-09-02,774.11,776.0,771.7,772.44,1787208.0
2016-09-06,774.04,789.48,770.22,788.86,3220444.0
2016-09-07,789.53,790.79,784.33,784.48,2116668.0
2016-09-08,783.89,786.5,781.44,784.06,1843840.0
2016-09-09,779.36,781.0,760.11,761.85,2849491.0
2016-09-12,757.35,772.66,756.0,771.49,2289815.0
2016-09-13,768.77,769.89,759.05,761.01,2271331.0
2016-09-14,762.2,767.5,758.85,761.09,1847334.0
2016-09-15,762.0,770.87,757.58,769.69,2330027.0
2016-09-16,773.28,780.46,771.66,778.52,4115882.0
2016-09-19,779.97,781.94,771.0,775.1,2237573.0
2016-09-20,776.0,781.37,776.0,780.22,1718803.0
2016-09-21,783.25,790.69,779.01,789.74,2062154.0
2016-09-22,794.27,805.889,794.27,804.7,3702648.0
2016-09-23,803.13,807.75,802.12,805.81,2127394.0
2016-09-26,801.8,805.93,797.145,799.16,1986110.0
2016-09-27,801.85,816.64,801.11,816.11,3417715.0
2016-09-28,818.0,830.14,817.034,828.72,4249129.0
2016-09-29,828.26,837.5,824.63,829.05,4770795.0
2016-09-30,832.61,839.95,832.4,837.31,3435015.0
2016-10-03,836.0,839.86,831.25,836.74,2119678.0
2016-10-04,840.91,842.365,830.26,834.03,2249237.0
2016-10-05,838.0,845.67,836.12,844.36,3181703.0
2016-10-06,843.7,847.21,840.6,841.66,2120314.0
2016-10-07,845.79,845.95,837.45,839.43,2026290.0
2016-10-10,843.25,845.2,840.27,841.71,1681319.0
2016-10-11,841.02,841.29,828.35,831.0,3273402.0
2016-10-12,834.0,837.666,830.1,834.09,2114600.0
2016-10-13,829.0,831.8,821.21,829.46,2689710.0
2016-10-14,835.08,835.74,822.96,822.96,2908486.0
2016-10-17,821.5,822.0,811.68,812.95,3166059.0
2016-10-18,822.11,823.26,815.02,817.65,1923675.0
2016-10-19,820.4,820.67,815.17,817.69,1589025.0
2016-10-20,813.99,815.71,803.1,810.32,3004475.0
2016-10-21,809.36,819.42,809.0,818.99,2067871.0
2016-10-24,824.95,838.3,822.21,838.09,3985391.0
2016-10-25,839.3,843.09,833.22,835.18,3184927.0
2016-10-26,832.76,833.44,820.0,822.59,3907641.0
2016-10-27,831.24,831.72,815.43,818.36,5437198.0
2016-10-28,782.0,789.49,774.61,776.32,10779913.0
2016-10-31,781.03,793.7,780.11,789.82,5413326.0
2016-11-01,799.0,800.84,776.713,785.41,5305428.0
2016-11-02,783.93,784.75,763.55,765.56,5026504.0
2016-11-03,765.05,777.0,764.0,767.03,3872496.0
2016-11-04,762.79,766.0,753.23,755.05,5122103.0
2016-11-07,771.64,787.732,770.94,784.935,5572545.0
2016-11-08,784.97,791.74,779.1,787.75,3293216.0
2016-11-09,764.0,777.5,760.09,771.88,8485151.0
2016-11-10,778.81,778.83,717.7,742.38,12678109.0
2016-11-11,735.73,743.26,728.9,739.01,6409768.0
2016-11-14,745.51,746.0,710.1,719.07,7321344.0
2016-11-15,730.0,746.78,725.99,743.24,6755785.0
2016-11-16,739.88,749.87,735.61,746.49,3545800.0
2016-11-17,749.32,757.5,748.0,756.39,3503295.0
2016-11-18,761.0,767.74,757.644,760.16,4227993.0
2016-11-21,766.0,780.35,765.11,780.0,4560974.0
2016-11-22,788.17,792.4,781.0,785.33,5106920.0
2016-11-23,781.73,781.75,773.12,780.12,3470656.0
2016-11-25,786.5,786.75,777.9,780.37,1797740.0
2016-11-28,776.99,777.0,764.24,766.77,4249827.0
2016-11-29,768.0,769.89,761.32,762.52,3184937.0
2016-11-30,762.0,768.09,750.25,750.57,4466517.0
2016-12-01,752.41,753.37,738.03,743.65,4552169.0
2016-12-02,743.4,748.49,736.7,740.34,3423809.0
2016-12-05,745.0,761.49,742.0,759.36,4261910.0
2016-12-06,763.99,768.24,757.25,764.72,3710448.0
2016-12-07,764.55,770.42,755.82,770.42,3538744.0
2016-12-08,771.87,773.79,765.19,767.33,3131307.0
2016-12-09,770.0,770.25,765.34,768.66,2392523.0
2016-12-12,766.4,766.89,757.2,760.12,2919090.0
2016-12-13,764.96,782.46,762.0,774.34,5153557.0
2016-12-14,778.25,780.86,762.81,768.82,5232275.0
2016-12-15,766.28,769.1,760.31,761.0,3735683.0
2016-12-16,765.0,765.13,754.0,757.77,4332594.0
2016-12-19,758.89,770.5,756.16,766.0,3059870.0
2016-12-20,768.65,774.39,767.71,771.22,2628437.0
2016-12-21,770.0,771.22,765.7,770.6,2028230.0
2016-12-22,768.12,771.21,763.02,766.26,2240546.0
2016-12-23,764.55,766.5,757.99,760.59,1951924.0
2016-12-27,763.4,774.65,761.2,771.4,2597323.0
2016-12-28,776.25,780.0,770.5,772.13,3273366.0
2016-12-29,772.4,773.4,760.85,765.15,3139235.0
2016-12-30,766.47,767.4,748.28,749.87,4139449.0
2017-01-03,757.92,758.76,747.7,753.67,3468274.0
2017-01-04,758.39,759.68,754.2,757.18,2423218.0
2017-01-05,761.55,782.4,760.256,780.45,5768331.0
2017-01-06,782.36,799.44,778.48,795.99,5793017.0
2017-01-09,798.0,801.774,791.77,796.92,3399243.0
2017-01-10,796.6,798.0,789.543,795.9,2497924.0
2017-01-11,793.66,799.5,789.51,799.02,2894400.0
2017-01-12,800.31,814.13,799.5,813.64,4788107.0
2017-01-13,814.32,821.65,811.4,817.24,3610707.0
2017-01-17,815.7,816.0,803.44,809.72,3561006.0
2017-01-18,809.5,811.73,804.27,807.48,2252618.0
2017-01-19,810.0,813.51,807.32,809.04,2500277.0
2017-01-20,815.28,816.02,806.26,808.33,3225636.0
2017-01-23,806.8,818.5,805.08,817.88,2624347.0
2017-01-24,822.0,823.99,814.5,822.44,2902871.0
2017-01-25,825.79,837.418,825.288,836.52,3799247.0
2017-01-26,835.53,843.84,833.0,839.15,3442892.0
2017-01-27,839.0,839.7,829.44,835.75,2767196.0
2017-01-30,833.0,833.5,816.38,830.38,3630339.0
2017-01-31,823.75,826.99,819.56,823.48,3032421.0
2017-02-01,829.21,833.78,824.94,832.35,3719530.0
2017-02-02,836.59,842.49,828.26,839.95,5595076.0
2017-02-03,806.72,818.3,804.0,810.2,10868773.0
2017-02-06,809.8,810.72,803.0,807.64,3685290.0
2017-02-07,809.31,816.16,807.5,812.5,3398517.0
2017-02-08,812.69,821.479,812.5,819.71,2779828.0
2017-02-09,821.6,825.0,819.71,821.36,2423550.0
2017-02-10,823.82,828.0,822.85,827.46,2319270.0
2017-02-13,831.62,843.0,828.55,836.53,4039516.0
2017-02-14,837.0,838.31,831.452,836.39,2493701.0
2017-02-15,834.0,842.81,832.82,842.7,2881730.0
2017-02-16,841.84,845.0,839.375,844.28,2567839.0
2017-02-17,842.0,847.27,840.73,845.07,2870546.0
2017-02-21,848.84,857.98,847.25,856.44,3352414.0
2017-02-22,856.95,858.43,852.18,855.61,2505173.0
2017-02-23,857.57,860.86,848.0,852.19,3154509.0
2017-02-24,844.69,845.81,837.75,845.24,3591851.0
2017-02-27,842.38,852.5,839.67,848.64,2487600.0
2017-02-28,851.45,854.09,842.05,845.04,2710000.0
2017-03-01,853.05,854.83,849.01,853.08,2650275.0
2017-03-02,853.08,854.82,847.28,848.91,2094816.0
2017-03-03,847.2,851.985,846.27,849.88,1882583.0
2017-03-06,845.23,848.49,841.12,846.61,2402543.0
2017-03-07,845.48,848.46,843.75,846.02,2117718.0
2017-03-08,848.0,853.07,846.79,850.5,2180555.0
2017-03-09,851.0,856.4,850.31,853.0,1971746.0
2017-03-10,857.0,857.35,851.72,852.2,2156883.0
2017-03-13,853.11,855.69,851.71,854.59,1909672.0
2017-03-14,853.55,853.75,847.55,852.53,2130586.0
2017-03-15,854.33,854.45,847.11,852.97,2562176.0
2017-03-16,855.3,855.5,850.51,853.42,1842296.0
2017-03-17,853.49,853.83,850.64,852.31,2959989.0
2017-03-20,851.51,857.8,851.01,856.97,2282727.0
2017-03-21,858.84,862.795,841.31,843.2,4382852.0
2017-03-22,840.43,849.37,839.05,848.06,2658669.0
2017-03-23,848.2,850.89,844.8,847.38,1952964.0
2017-03-24,851.68,851.8,843.53,845.61,2086261.0
2017-03-27,838.07,850.3,833.5,846.82,2687081.0
2017-03-28,851.75,858.46,850.1,856.0,2851832.0
2017-03-29,859.05,876.438,859.02,874.32,4229470.0
2017-03-30,874.95,877.06,871.66,876.34,2712349.0
2017-03-31,877.0,890.35,876.65,886.54,3816127.0
2017-04-03,888.0,893.49,885.42,891.51,3422328.0
2017-04-04,891.5,908.538,890.28,906.83,4937884.0
2017-04-05,910.82,923.72,905.62,909.28,7396854.0
2017-04-06,913.8,917.19,894.493,898.28,6189311.0
2017-04-07,899.65,900.09,889.31,894.88,3710922.0
2017-04-10,899.63,908.51,899.0,907.04,3047224.0
2017-04-11,907.04,911.24,897.5,902.36,3012743.0
2017-04-12,903.09,904.09,895.25,896.23,2407868.0
2017-04-13,891.45,894.97,884.49,884.67,3095922.0
2017-04-17,887.5,902.38,887.5,901.99,2698857.0
2017-04-18,900.99,909.61,900.78,903.78,2687708.0
2017-04-19,907.84,910.5,897.369,899.2,2798157.0
2017-04-20,899.7,905.32,896.29,902.06,2723804.0
2017-04-21,902.67,903.65,896.77,898.53,2291573.0
2017-04-24,908.68,909.99,903.82,907.41,3118239.0
2017-04-25,907.04,909.48,903.0,907.63,3377698.0
2017-04-26,910.3,915.749,907.56,909.29,2604617.0
2017-04-27,914.39,921.86,912.11,918.38,5210059.0
2017-04-28,948.83,949.59,924.334,924.99,7364681.0
2017-05-01,927.8,954.4,927.8,948.23,5461391.0
2017-05-02,946.645,950.1,941.413,946.94,3816265.0
2017-05-03,946.0,946.0,935.9,941.03,3579038.0
2017-05-04,944.75,945.0,934.215,937.53,2414021.0
2017-05-05,940.52,940.79,930.3,934.15,2866397.0
2017-05-08,940.95,949.05,939.21,949.04,3407036.0
2017-05-09,952.8,957.89,950.2,952.82,3256488.0
2017-05-10,953.5,953.75,945.0,948.95,2093397.0
2017-05-11,945.11,950.29,940.775,947.62,2190688.0
2017-05-12,954.5,962.79,951.53,961.35,3622312.0
2017-05-15,958.73,963.15,956.055,957.97,4261756.0
2017-05-16,961.0,970.06,960.91,966.07,3116034.0
2017-05-17,954.7,960.396,944.12,944.76,5131027.0
2017-05-18,944.8,962.75,944.76,958.49,3939347.0
2017-05-19,962.84,968.92,959.72,959.84,3958815.0
2017-05-22,964.0,971.38,962.9,970.67,2634262.0
2017-05-23,975.02,975.2,966.85,971.54,2412439.0
2017-05-24,976.0,981.0,970.23,980.35,2456931.0
2017-05-25,984.85,999.0,982.11,993.38,4818114.0
2017-05-26,995.0,998.65,989.249,995.78,3461359.0
2017-05-30,996.51,1001.2,995.52,996.7,3256626.0
2017-05-31,1000.0,1000.12,982.16,994.62,3913864.0
2017-06-01,998.59,998.99,991.37,995.95,2452148.0
2017-06-02,998.99,1008.48,995.67,1006.73,3745599.0
2017-06-05,1007.23,1013.21,1003.51,1011.34,2717402.0
2017-06-06,1012.0,1016.5,1001.25,1003.0,3343677.0
2017-06-07,1005.95,1010.25,1002.0,1010.07,2818948.0
2017-06-08,1012.06,1013.61,1006.11,1010.27,2757185.0
2017-06-09,1012.5,1012.99,927.0,978.31,7636831.0
2017-06-12,967.0,975.95,945.0,964.91,9437694.0
2017-06-13,977.99,984.5,966.1,980.79,4571119.0
2017-06-14,988.59,990.34,966.71,976.47,3968528.0
2017-06-15,958.7,965.73,950.86,964.17,5237394.0
2017-06-16,996.0,999.75,982.0,987.71,11439817.0
2017-06-19,1017.0,1017.0,989.9,995.17,5033707.0
2017-06-20,998.0,1004.88,992.02,992.59,4071977.0
2017-06-21,998.7,1002.72,992.652,1002.23,2922473.0
2017-06-22,1002.23,1006.96,997.2,1001.3,2250396.0
2017-06-23,1002.54,1004.62,998.02,1003.74,2877489.0
2017-06-26,1008.5,1009.8,992.0,993.98,3382430.0
2017-06-27,990.69,998.8,976.0,976.78,3775219.0
2017-06-28,978.55,990.68,969.21,990.33,3733631.0
2017-06-29,979.0,987.56,965.25,975.93,4297359.0
2017-06-30,980.12,983.47,967.61,968.0,3385354.0
2017-07-03,972.79,974.49,951.0,953.66,2909108.0
2017-07-05,961.53,975.0,955.25,971.4,3649103.0
2017-07-06,964.66,974.4,959.02,965.14,3257438.0
2017-07-07,969.55,980.11,969.14,978.76,2605088.0
2017-07-10,985.0,999.439,983.5,996.47,3538767.0
2017-07-11,993.0,995.99,983.72,994.13,2979250.0
2017-07-12,1000.65,1008.55,998.1,1006.51,3605460.0
2017-07-13,1004.62,1006.88,995.9,1000.63,2877904.0
2017-07-14,1002.4,1004.45,996.89,1001.81,2101019.0
2017-07-17,1004.69,1014.75,1003.81,1010.04,3700333.0
2017-07-18,1006.0,1026.03,1004.0,1024.45,4002413.0
2017-07-19,1025.0,1031.59,1022.5,1026.87,2959140.0
2017-07-20,1031.59,1034.97,1022.52,1028.7,3080698.0
2017-07-21,1021.28,1026.1,1011.0,1025.67,2726904.0
2017-07-24,1028.34,1043.01,1027.43,1038.95,3279158.0
2017-07-25,1038.05,1043.33,1032.48,1040.13,2445188.0
2017-07-26,1043.2,1053.2,1043.2,1052.8,2896526.0
2017-07-27,1069.55,1083.31,1040.18,1046.0,10870819.0
2017-07-28,1012.14,1032.85,1001.0,1020.04,7703177.0
2017-07-31,1019.05,1019.05,987.02,987.78,7331872.0
2017-08-01,996.11,1006.4,991.58,996.19,4562434.0
2017-08-02,1001.77,1003.21,981.73,995.89,4063715.0
2017-08-03,999.47,999.5,984.59,986.92,3253014.0
2017-08-04,989.68,991.672,982.0,987.41,2727226.0
2017-08-07,990.65,995.0,987.14,992.27,2670282.0
2017-08-08,994.35,996.28,985.79,989.84,2889515.0
2017-08-09,982.6,988.0,975.27,982.01,3568143.0
2017-08-10,976.295,979.86,954.68,956.92,5603009.0
2017-08-11,960.0,970.39,951.38,967.99,3464884.0
2017-08-14,978.41,985.5,976.19,983.3,3168518.0
2017-08-15,988.9,991.74,982.0,982.74,2544672.0
2017-08-16,981.65,986.461,973.22,978.18,3125793.0
2017-08-17,977.84,977.84,960.32,960.57,3474358.0
2017-08-18,961.4,965.43,954.65,958.47,3276718.0
2017-08-21,957.57,961.2,945.46,953.29,3157620.0
2017-08-22,955.52,967.93,955.495,966.9,2745802.0
2017-08-23,959.38,962.0,954.2,958.0,2644883.0
2017-08-24,957.42,959.0,941.14,952.45,5192822.0
2017-08-25,956.0,957.621,944.1,945.26,3318454.0
2017-08-28,946.54,953.0,942.25,946.02,2580401.0
2017-08-29,940.0,956.0,936.33,954.06,2871789.0
2017-08-30,958.44,969.41,956.906,967.59,2898148.0
2017-08-31,974.7,981.0,972.76,980.6,3327043.0
2017-09-01,984.2,984.5,976.875,978.25,2533975.0
2017-09-05,975.4,976.77,960.37,965.27,2996690.0
2017-09-06,968.32,971.84,960.6,967.8,2125703.0
2017-09-07,974.0,980.59,972.55,979.47,2562567.0
2017-09-08,979.1,979.88,963.47,965.9,2589603.0
2017-09-11,974.46,981.94,974.22,977.96,2172012.0
2017-09-12,983.27,984.672,975.517,982.58,2476747.0
2017-09-13,983.97,1000.0,979.42,999.6,3362218.0
2017-09-14,996.8,998.56,987.74,992.21,3900801.0
2017-09-15,993.01,996.25,984.03,986.79,3751327.0
2017-09-18,990.4,992.792,968.17,974.19,3400824.0
2017-09-19,977.25,978.24,967.46,969.86,2651065.0
2017-09-20,971.79,974.81,962.163,973.21,2755736.0
2017-09-21,971.31,971.7,962.02,964.65,2276738.0
2017-09-22,961.01,965.61,954.42,955.1,2632770.0
2017-09-25,949.31,949.42,932.89,939.79,5115458.0
2017-09-26,945.49,948.63,931.75,938.6,3562792.0
2017-09-27,948.0,955.3,943.3,950.87,3146172.0
2017-09-28,951.86,959.7,950.101,956.4,2521390.0
2017-09-29,960.11,964.83,958.375,961.35,2513654.0
2017-10-02,964.0,967.305,952.12,959.19,2425704.0
2017-10-03,958.0,963.69,950.37,957.1,2665119.0
2017-10-04,954.21,967.79,954.05,965.45,2518564.0
2017-10-05,970.0,981.51,969.64,980.85,3223573.0
2017-10-06,975.64,995.75,975.64,989.51,3779449.0
2017-10-09,993.24,998.5,987.5,990.99,2936290.0
2017-10-10,996.67,997.95,980.099,987.2,3083184.0
2017-10-11,991.27,995.5,986.695,995.0,2335171.0
2017-10-12,996.81,1008.44,992.4,1000.93,4083590.0
2017-10-13,1007.35,1007.77,1001.03,1002.94,2429486.0
2017-10-16,1008.44,1009.57,1001.04,1006.34,2005410.0
2017-10-17,1005.59,1011.47,1004.38,1009.13,2318835.0
2017-10-18,1009.27,1022.31,996.55,997.0,2497400.0
2017-10-19,990.0,991.05,980.24,986.61,3085640.0
2017-10-20,993.53,994.62,982.0,982.91,2343748.0
2017-10-23,986.73,986.73,962.5,966.3,3488072.0
2017-10-24,969.0,979.85,965.0,975.9,2713570.0
2017-10-25,978.0,984.44,966.24,972.91,3030196.0
2017-10-26,980.33,982.9,968.55,972.43,5421431.0
2017-10-27,1057.01,1105.58,1050.55,1100.95,16552598.0
2017-10-30,1095.01,1122.79,1093.56,1110.85,6613064.0
2017-10-31,1109.0,1110.54,1101.12,1105.28,3476967.0
2017-11-01,1105.4,1108.97,1096.74,1103.68,3755511.0
2017-11-02,1097.81,1101.94,1086.87,1094.22,3684876.0
2017-11-03,1091.15,1112.68,1088.52,1111.6,3751480.0
2017-11-06,1109.15,1125.41,1108.77,1120.66,3331738.0
2017-11-07,1124.74,1130.6,1117.5,1123.17,2684443.0
2017-11-08,1122.82,1135.54,1119.11,1132.88,2576010.0
2017-11-09,1125.96,1129.62,1115.77,1129.13,3729978.0
2017-11-10,1126.1,1131.75,1124.06,1125.35,2179181.0
